Category,parent_id,parent_label
3D_PRINTER,2,Industrial_Auto
ABDOMINAL_EXERCISER,11,Sports_Fitness
ABIS_BOOK,8,Books_Media
ABIS_DRUGSTORE,8,Books_Media
ABIS_DVD,8,Books_Media
ABIS_ELECTRONICS,8,Books_Media
ABIS_GIFT_CARD,8,Books_Media
ABIS_HOME,3,Home_Textiles
ABIS_HOME_IMPROVEMENT,2,Industrial_Auto
ABIS_KITCHEN,8,Books_Media
ABIS_LAWN_AND_GARDEN,9,Home_Electrical
ABIS_MUSIC,8,Books_Media
ABIS_VIDEO,8,Books_Media
ABIS_VIDEO_GAMES,8,Books_Media
ABIS_WIRELESS,1,Electronics_Accessories
ABRASIVES,13,Tools_Hardware
ABRASIVE_BRUSH,13,Tools_Hardware
ABRASIVE_SHEETS,10,Office_Stationery
ABRASIVE_WHEELS,13,Tools_Hardware
ACCESSORY,12,Apparel
ACCESSORY_OR_PART_OR_SUPPLY,1,Electronics_Accessories
ADHESIVES_AND_SEALANTS,6,Health_Beauty
ADHESIVE_TAPES,10,Office_Stationery
ADULT_COSTUME,12,Apparel
ADVENT_CALENDAR,5,Toys_Games
AIMING_SCOPE_SIGHT,13,Tools_Hardware
AIR_COMPRESSOR,9,Home_Electrical
AIR_CONDITIONER,9,Home_Electrical
AIR_COOLER,9,Home_Electrical
AIR_FRYER,0,Kitchen_Home
AIR_GUN,13,Tools_Hardware
AIR_GUN_PROJECTILE,13,Tools_Hardware
AIR_MATTRESS,3,Home_Textiles
AIR_PUMP,9,Home_Electrical
AIR_PURIFIER,9,Home_Electrical
ALARM,9,Home_Electrical
ALCOHOLIC_BEVERAGE,7,Food_Nutrition
AMAZON_BOOK_READER,1,Electronics_Accessories
AMAZON_BOOK_READER_ACCESSORY,1,Electronics_Accessories
AMAZON_DEVICE,4,Consumer_Electronics
AMAZON_TABLET,1,Electronics_Accessories
AMAZON_TABLET_ACCESSORY,1,Electronics_Accessories
ANCHOR_STAKE,13,Tools_Hardware
ANIMAL_CAGE,3,Home_Textiles
ANIMAL_CARRIER,3,Home_Textiles
ANIMAL_COLLAR,3,Home_Textiles
ANIMAL_FUR_CLEANER_CONDITIONER,6,Health_Beauty
ANIMAL_HARNESS,3,Home_Textiles
ANIMAL_INCONTINENCE_PROTECTOR,3,Home_Textiles
ANIMAL_LITTER,6,Health_Beauty
ANIMAL_MEDICATION,6,Health_Beauty
ANIMAL_MUZZLE,6,Health_Beauty
ANIMAL_NUTRITIONAL_SUPPLEMENT,7,Food_Nutrition
ANIMAL_PERCH,3,Home_Textiles
ANIMAL_RECOVERY_COLLAR_CONE,3,Home_Textiles
ANIMAL_SHELTER,3,Home_Textiles
ANIMAL_STAIR,3,Home_Textiles
ANIMAL_VITAMIN,7,Food_Nutrition
ANIMAL_WATER_DISPENSER,9,Home_Electrical
ANTENNA,4,Consumer_Electronics
ANTI_FATIGUE_FLOOR_MAT,11,Sports_Fitness
APPAREL,12,Apparel
APPAREL_BELT,12,Apparel
APPAREL_GLOVES,12,Apparel
APPAREL_HEAD_NECK_COVERING,12,Apparel
APPAREL_PIN,10,Office_Stationery
APPENDAGE_WARMER,9,Home_Electrical
APRON,3,Home_Textiles
AQUARIUM_POND_WATER_TREATMENT,6,Health_Beauty
AREA_DEODORIZER,6,Health_Beauty
ARM_SLEEVE,12,Apparel
AROMA_DIFFUSER,6,Health_Beauty
ART,10,Office_Stationery
ARTIFICIAL_PLANT,10,Office_Stationery
ARTIFICIAL_SNOW,8,Books_Media
ARTIFICIAL_TREE,5,Toys_Games
ART_AND_CRAFT_SUPPLY,10,Office_Stationery
ART_CRAFT_KIT,5,Toys_Games
ART_EASEL,14,Home_Decor
ART_MEDIA_PAPER,10,Office_Stationery
ART_SUPPLIES,10,Office_Stationery
ASHTRAY,0,Kitchen_Home
ASTRINGENT_SUBSTANCE,6,Health_Beauty
AUDIO_CD_PLAYER,4,Consumer_Electronics
AUDIO_MIDI_CONTROLLER,4,Consumer_Electronics
AUDIO_MIDI_INTERFACE,4,Consumer_Electronics
AUDIO_MIXING_CONSOLE,4,Consumer_Electronics
AUDIO_OR_VIDEO,4,Consumer_Electronics
AUDIO_POWER_AMPLIFIER,4,Consumer_Electronics
AUTOMOTIVE_HELMET,2,Industrial_Auto
AUTO_ACCESSORY,13,Tools_Hardware
AUTO_BATTERY,9,Home_Electrical
AUTO_KEY_SHELL,2,Industrial_Auto
AUTO_OIL,6,Health_Beauty
AUTO_PART,2,Industrial_Auto
AV_FURNITURE,14,Home_Decor
AV_RECEIVER,4,Consumer_Electronics
AV_SIGNAL_SWITCH,4,Consumer_Electronics
AWNING,14,Home_Decor
AXE,13,Tools_Hardware
BABY_BATHTUB,3,Home_Textiles
BABY_BOTTLE,6,Health_Beauty
BABY_CARRIER,3,Home_Textiles
BABY_FORMULA,6,Health_Beauty
BABY_JUMPER_WALKER,5,Toys_Games
BABY_PRODUCT,6,Health_Beauty
BABY_RATTLE,5,Toys_Games
BABY_SEAT,3,Home_Textiles
BACKDROP,14,Home_Decor
BACKPACK,3,Home_Textiles
BADGE_HOLDER,10,Office_Stationery
BAG,12,Apparel
BAKEWARE,0,Kitchen_Home
BAKEWARE_SET,0,Kitchen_Home
BAKING_CHOCOLATE,7,Food_Nutrition
BAKING_CUP,0,Kitchen_Home
BAKING_MAT,0,Kitchen_Home
BAKING_MIX,7,Food_Nutrition
BAKING_PAN,0,Kitchen_Home
BAKING_PAPER,0,Kitchen_Home
BAKING_STONE,0,Kitchen_Home
BALANCE_BOARD,11,Sports_Fitness
BALLOON,10,Office_Stationery
BANNER,10,Office_Stationery
BARBECUE_GRILL,0,Kitchen_Home
BARBECUE_TOOL_SET,0,Kitchen_Home
BARBELL,11,Sports_Fitness
BAR_CODE_READER,8,Books_Media
BAR_TOOL_SET,0,Kitchen_Home
BASE_LAYER_APPAREL_SET,12,Apparel
BASKET,14,Home_Decor
BASKETBALL_HOOP,5,Toys_Games
BASSINET,3,Home_Textiles
BATHING_SPONGE,6,Health_Beauty
BATHROOM_CONTAINER_SET,14,Home_Decor
BATHTUB,3,Home_Textiles
BATHTUB_SHOWER_MAT,3,Home_Textiles
BATHTUB_SHOWER_TRIM_KIT,2,Industrial_Auto
BATHWATER_ADDITIVE,6,Health_Beauty
BATH_PILLOW,11,Sports_Fitness
BATH_SAFETY_SEATING,11,Sports_Fitness
BATH_TOY,5,Toys_Games
BATTERY,1,Electronics_Accessories
BATTERY_CHARGER,9,Home_Electrical
BEAN_BAG_CHAIR,3,Home_Textiles
BEAUTY,6,Health_Beauty
BED,3,Home_Textiles
BEDDING_SET,3,Home_Textiles
BED_CURTAIN,3,Home_Textiles
BED_FRAME,3,Home_Textiles
BED_LINEN,3,Home_Textiles
BED_LINEN_SET,3,Home_Textiles
BED_RAIL,3,Home_Textiles
BED_SKIRT,12,Apparel
BED_SLATS,3,Home_Textiles
BEER,7,Food_Nutrition
BELTS,13,Tools_Hardware
BENCH,14,Home_Decor
BEVERAGE,7,Food_Nutrition
BEVERAGE_INSULATOR,0,Kitchen_Home
BICYCLE,5,Toys_Games
BICYCLE_BASKET,3,Home_Textiles
BICYCLE_BELL,5,Toys_Games
BICYCLE_BRAKE_PAD,2,Industrial_Auto
BICYCLE_CARGO_RACK,11,Sports_Fitness
BICYCLE_LIGHT,9,Home_Electrical
BICYCLE_PEDAL,11,Sports_Fitness
BICYCLE_SEAT,11,Sports_Fitness
BICYCLE_SEATPOST,2,Industrial_Auto
BICYCLE_TRAILER,3,Home_Textiles
BICYCLE_TRAINER,11,Sports_Fitness
BINDER_DIVIDER,10,Office_Stationery
BINOCULAR,14,Home_Decor
BIOMETRIC_MONITOR,1,Electronics_Accessories
BIRDBATH,8,Books_Media
BISS,13,Tools_Hardware
BLADED_FOOD_PEELER,0,Kitchen_Home
BLANKET,3,Home_Textiles
BLANK_BOOK,10,Office_Stationery
BLANK_MEDIA,4,Consumer_Electronics
BLANK_STORAGE_MEDIA,10,Office_Stationery
BLAZER,12,Apparel
BLEACH,6,Health_Beauty
BLOOD_LANCET,8,Books_Media
BLOOD_OXYGEN_MONITOR,1,Electronics_Accessories
BLOOD_PRESSURE_MONITOR,1,Electronics_Accessories
BLOWER_INFLATED_DECORATION,5,Toys_Games
BLOWTORCH,0,Kitchen_Home
BLUE_LIGHT_BLOCKING_EYEGLASSES,12,Apparel
BOARD_GAME,5,Toys_Games
BODY_CARE_PRODUCT,6,Health_Beauty
BODY_DEODORANT,6,Health_Beauty
BODY_LUBRICANT,6,Health_Beauty
BODY_PAINT,5,Toys_Games
BODY_POSITIONER,3,Home_Textiles
BODY_STRAP,11,Sports_Fitness
BOLTS,2,Industrial_Auto
BONDING_ADHESIVES,13,Tools_Hardware
BOOK,8,Books_Media
BOOKEND,14,Home_Decor
BOOKMARK,10,Office_Stationery
BOOKSHELF_OR_MICRO_STEREO_SYS,4,Consumer_Electronics
BOOKS_1973_AND_LATER,8,Books_Media
BOOK_COVER,3,Home_Textiles
BOOK_DOCUMENT_STAND,14,Home_Decor
BOOT,12,Apparel
BOTTLE,6,Health_Beauty
BOTTLE_NIPPLE,6,Health_Beauty
BOTTLE_OPENER,0,Kitchen_Home
BOTTLE_RACK,14,Home_Decor
BOTTLE_STOPPER,0,Kitchen_Home
BOXING_GLOVE,11,Sports_Fitness
BRA,12,Apparel
BRACELET,12,Apparel
BRAKE_KIT,2,Industrial_Auto
BRAKE_ROTOR,2,Industrial_Auto
BRASS_AND_WOODWIND_INSTRUMENTS,5,Toys_Games
BRA_UNDERWEAR_SET,12,Apparel
BREAD,7,Food_Nutrition
BREAD_MAKING_MACHINE,0,Kitchen_Home
BREAKFAST_CEREAL,7,Food_Nutrition
BREAST_PETAL,10,Office_Stationery
BREAST_PUMP,6,Health_Beauty
BROOM,13,Tools_Hardware
BUBBLE_MAKER,5,Toys_Games
BUCKET,0,Kitchen_Home
BUCKLE,13,Tools_Hardware
BUILDING_MATERIAL,14,Home_Decor
BUNGEE_CORD,13,Tools_Hardware
BUTTER_DISH,0,Kitchen_Home
CABINET,14,Home_Decor
CABLE_ASSEMBLY,2,Industrial_Auto
CABLE_OR_ADAPTER,4,Consumer_Electronics
CABLE_TIE,13,Tools_Hardware
CADDY,14,Home_Decor
CAKE,7,Food_Nutrition
CAKE_TOPPER,5,Toys_Games
CALCULATOR,9,Home_Electrical
CALENDAR,5,Toys_Games
CALISTHENICS_STAND,11,Sports_Fitness
CAMCORDER,1,Electronics_Accessories
CAMERA,1,Electronics_Accessories
CAMERA_CLEANER,6,Health_Beauty
CAMERA_CONTINUOUS_LIGHT,1,Electronics_Accessories
CAMERA_DIGITAL,1,Electronics_Accessories
CAMERA_ENCLOSURE,1,Electronics_Accessories
CAMERA_FILM,1,Electronics_Accessories
CAMERA_LENSES,1,Electronics_Accessories
CAMERA_LENS_FILTERS,2,Industrial_Auto
CAMERA_OTHER_ACCESSORIES,1,Electronics_Accessories
CAMERA_STAGE_LIGHTING_MODIFIER,9,Home_Electrical
CAMERA_SUPPORT,1,Electronics_Accessories
CAMERA_TRIPOD,1,Electronics_Accessories
CAMPING_EQUIPMENT,2,Industrial_Auto
CANDLE,6,Health_Beauty
CANDLE_HOLDER,10,Office_Stationery
CANDY,7,Food_Nutrition
CANNED_AIR,9,Home_Electrical
CAN_OPENER,0,Kitchen_Home
CAPACITOR,2,Industrial_Auto
CAPO,13,Tools_Hardware
CARABINER,13,Tools_Hardware
CARBURETOR,2,Industrial_Auto
CARD_DOCUMENT_SLEEVE,10,Office_Stationery
CARD_SHUFFLER,8,Books_Media
CARD_STOCK,10,Office_Stationery
CARGO_NET,3,Home_Textiles
CARGO_STRAP,11,Sports_Fitness
CARPETING,3,Home_Textiles
CARPET_UPHOLSTERY_CLEANING_MACHINE,9,Home_Electrical
CARRIER_BAG_CASE,3,Home_Textiles
CARRYING_CASE_OR_BAG,1,Electronics_Accessories
CAR_ALARM,4,Consumer_Electronics
CAR_AUDIO_OR_THEATER,4,Consumer_Electronics
CAR_ELECTRONICS,2,Industrial_Auto
CASSEROLES,0,Kitchen_Home
CAULKS,6,Health_Beauty
CELLULAR_PHONE,1,Electronics_Accessories
CELLULAR_PHONE_CASE,1,Electronics_Accessories
CELL_PHONE_GRIP,1,Electronics_Accessories
CELL_PHONE_HOLSTER,1,Electronics_Accessories
CEREAL,7,Food_Nutrition
CE_ACCESSORY,1,Electronics_Accessories
CHAINSAW,13,Tools_Hardware
CHAINSAW_CHAIN,13,Tools_Hardware
CHAIR,11,Sports_Fitness
CHAIR_MAT,3,Home_Textiles
CHANGING_PAD,3,Home_Textiles
CHANGING_PAD_COVER,3,Home_Textiles
CHARGING_ADAPTER,1,Electronics_Accessories
CHARM,10,Office_Stationery
CHEMICAL_TEST_STRIP,6,Health_Beauty
CHEWING_GUM,7,Food_Nutrition
CHILDRENS_COSTUME,8,Books_Media
CHISEL,13,Tools_Hardware
CHOCOLATE_CANDY,7,Food_Nutrition
CHOPSTICK,0,Kitchen_Home
CIGARETTE_CASE,10,Office_Stationery
CIRCUIT_BREAKER,2,Industrial_Auto
CISTERN,14,Home_Decor
CLEANING_AGENT,6,Health_Beauty
CLEANING_BRUSH,13,Tools_Hardware
CLEANING_PRODUCT,6,Health_Beauty
CLIMBING_PLANT_SUPPORT_STRUCTURE,14,Home_Decor
CLINICAL_DIAGNOSTIC_TESTING_KIT,6,Health_Beauty
CLIPBOARD,14,Home_Decor
CLOCK,4,Consumer_Electronics
CLOTHES_HANGER,14,Home_Decor
CLOTHES_PIN,14,Home_Decor
CLOTHES_RACK,14,Home_Decor
CLOTH_NAPKIN,10,Office_Stationery
COAT,12,Apparel
COCKTAIL_MIX,7,Food_Nutrition
COCKTAIL_SHAKER,0,Kitchen_Home
COFFEE,7,Food_Nutrition
COFFEE_FILTER,0,Kitchen_Home
COFFEE_MAKER,0,Kitchen_Home
COIN_PURSE_POUCH,10,Office_Stationery
COLLAPSIBLE_PLAY_STRUCTURE,5,Toys_Games
COLLECTIBLE_CARD,10,Office_Stationery
COLLECTIBLE_COINS,10,Office_Stationery
COMPOST_BIN,0,Kitchen_Home
COMPRESSION_SPRINGS,2,Industrial_Auto
COMPUTER,1,Electronics_Accessories
COMPUTER_ADD_ON,1,Electronics_Accessories
COMPUTER_CHASSIS,1,Electronics_Accessories
COMPUTER_COMPONENT,1,Electronics_Accessories
COMPUTER_COOLING_DEVICE,1,Electronics_Accessories
COMPUTER_DRIVE_OR_STORAGE,1,Electronics_Accessories
COMPUTER_INPUT_DEVICE,1,Electronics_Accessories
COMPUTER_INPUT_DEVICE_ACCESSORY,8,Books_Media
COMPUTER_PROCESSOR,1,Electronics_Accessories
CONCENTRATED_FLAVORING_SUBSTANCE,7,Food_Nutrition
CONDIMENT,7,Food_Nutrition
CONDITIONER,6,Health_Beauty
CONDOM,3,Home_Textiles
CONFETTI,10,Office_Stationery
CONSOLE_VIDEO_GAMES,8,Books_Media
CONSUMER_ELECTRONICS,1,Electronics_Accessories
CONSUMER_SERVICES_SUBSCRIPTION,10,Office_Stationery
CONTACT_LENS_CLEANER,6,Health_Beauty
CONTAINER_LID,0,Kitchen_Home
CONTROLLER,9,Home_Electrical
COOKIE,7,Food_Nutrition
COOKIE_CUTTER,5,Toys_Games
COOKING_CONTAINER,0,Kitchen_Home
COOKING_OVEN,0,Kitchen_Home
COOKING_POT,0,Kitchen_Home
COOKTOP,0,Kitchen_Home
COOKWARE,0,Kitchen_Home
COOKWARE_SET,0,Kitchen_Home
COOLING_RACK,0,Kitchen_Home
COORDINATED_OUTFIT,12,Apparel
CORD_MANAGEMENT_COVER,14,Home_Decor
CORD_ROPE,13,Tools_Hardware
CORE_PIT_REMOVER,0,Kitchen_Home
CORRECTIVE_EYEGLASSES,1,Electronics_Accessories
CORSET,12,Apparel
COSMETIC_BRUSH,6,Health_Beauty
COSMETIC_CASE,6,Health_Beauty
COSMETIC_NAIL_SET,10,Office_Stationery
COSMETIC_POWDER,6,Health_Beauty
COSMETIC_SPONGE,6,Health_Beauty
COSTUME,8,Books_Media
COSTUME_EYEWEAR,5,Toys_Games
COSTUME_HEADWEAR,5,Toys_Games
COSTUME_MASK,5,Toys_Games
COSTUME_OUTFIT,5,Toys_Games
COTTON_PAD,6,Health_Beauty
COUNTERTOP_BURNER,9,Home_Electrical
COUNTERTOP_FOOD_STEAMER,0,Kitchen_Home
COUNTERTOP_GRIDDLE_APPLIANCE,0,Kitchen_Home
COUNTERTOP_OVEN,0,Kitchen_Home
CRACKER,7,Food_Nutrition
CRAFT_BEAD,10,Office_Stationery
CRAFT_HOOP_FRAME,10,Office_Stationery
CRAFT_MOLD,10,Office_Stationery
CRAFT_WOOD,10,Office_Stationery
CRAFT_WRAPPING_TISSUE_PAPER,10,Office_Stationery
CRIB,3,Home_Textiles
CRIMPING_PLIERS,13,Tools_Hardware
CROCHET_HOOK,13,Tools_Hardware
CUFF_LINK,12,Apparel
CULINARY_MUSHROOM,7,Food_Nutrition
CULINARY_SALT,7,Food_Nutrition
CUP_HOLDER,14,Home_Decor
CURTAIN,14,Home_Decor
CURTAIN_FASTENER,14,Home_Decor
CURTAIN_SWAG_HOLDER,14,Home_Decor
CUTLERY,0,Kitchen_Home
CUTTING_BOARD,13,Tools_Hardware
CUTTING_TOOLS,13,Tools_Hardware
CYCLING_COMPUTER,4,Consumer_Electronics
CYCLING_EQUIPMENT,2,Industrial_Auto
CYCLING_TIRE,2,Industrial_Auto
CYCLING_TIRE_TUBE,2,Industrial_Auto
CYCLING_WHEEL,8,Books_Media
DAILY_LIVING_AIDS,11,Sports_Fitness
DAIRY_BASED_BUTTER,7,Food_Nutrition
DAIRY_BASED_CHEESE,7,Food_Nutrition
DAIRY_BASED_CREAM,7,Food_Nutrition
DAIRY_BASED_DRINK,7,Food_Nutrition
DAIRY_BASED_ICE_CREAM,7,Food_Nutrition
DAIRY_BASED_PUDDING,7,Food_Nutrition
DAIRY_BASED_YOGURT,7,Food_Nutrition
DARTBOARD,5,Toys_Games
DART_FLIGHT,13,Tools_Hardware
DECORATIVE_CUTOUT,5,Toys_Games
DECORATIVE_MAGNET,10,Office_Stationery
DECORATIVE_PILLOW_COVER,3,Home_Textiles
DECORATIVE_POM_POM,10,Office_Stationery
DECORATIVE_RIBBON_TRIM,10,Office_Stationery
DECORATIVE_SIGNAGE,14,Home_Decor
DEEP_FRYER,0,Kitchen_Home
DEHUMIDIFIER,9,Home_Electrical
DENTAL_FLOSS,6,Health_Beauty
DESK,14,Home_Decor
DESK_PAD,14,Home_Decor
DIETARY_SUPPLEMENTS,7,Food_Nutrition
DIE_CUT_MACHINE,13,Tools_Hardware
DIGITAL_DEVICE_12_ACCESSORY,4,Consumer_Electronics
DIGITAL_DEVICE_21_ACCESSORY,4,Consumer_Electronics
DIGITAL_DEVICE_3,4,Consumer_Electronics
DIGITAL_DEVICE_3_ACCESSORY,4,Consumer_Electronics
DIGITAL_DEVICE_4,4,Consumer_Electronics
DIGITAL_DEVICE_4_ACCESSORY,4,Consumer_Electronics
DIGITAL_PICTURE_FRAME,1,Electronics_Accessories
DIGITAL_VIDEO_RECORDER,4,Consumer_Electronics
DIMENSIONAL_MEASUREMENT_CALIPER,13,Tools_Hardware
DINNERWARE,0,Kitchen_Home
DIP_SWITCH,2,Industrial_Auto
DISC_GRINDER_TOOL,13,Tools_Hardware
DISHWARE_BOWL,0,Kitchen_Home
DISHWARE_PLACE_SETTING,0,Kitchen_Home
DISHWARE_PLATE,0,Kitchen_Home
DISHWASHER,0,Kitchen_Home
DISHWASHER_DETERGENT,6,Health_Beauty
DISH_DRYING_MAT,14,Home_Decor
DISPLAY_ALBUM,10,Office_Stationery
DISPLAY_ENCLOSURE,14,Home_Decor
DISPOSABLE_INCONTINENCE_SURFACE_PROTECTOR,3,Home_Textiles
DISPOSABLE_NAPKIN,10,Office_Stationery
DIVE_MASK,12,Apparel
DOLL_CLOTHING,12,Apparel
DOOR,14,Home_Decor
DOORSTOP,14,Home_Decor
DOOR_CLOSER,2,Industrial_Auto
DOWNLOADABLE_SOFTWARE,8,Books_Media
DOWNLOADABLE_TV_SEASON,8,Books_Media
DOWNLOADABLE_VIDEO_GAME,8,Books_Media
DRAFT_STOPPER,14,Home_Decor
DRAIN_OPENER_SUBSTANCE,6,Health_Beauty
DRAIN_STRAINER,6,Health_Beauty
DRAWER_SLIDE,8,Books_Media
DRESS,12,Apparel
DRESSER,14,Home_Decor
DRIED_PLANT,10,Office_Stationery
DRILL,13,Tools_Hardware
DRILL_BITS,13,Tools_Hardware
DRINKING_CUP,0,Kitchen_Home
DRINKING_STRAW,0,Kitchen_Home
DRINK_COASTER,10,Office_Stationery
DRINK_FLAVORED,7,Food_Nutrition
DRIP_IRRIGATION_KIT,2,Industrial_Auto
DRYER,8,Books_Media
DRYING_RACK,14,Home_Decor
DRY_SHAMPOO,6,Health_Beauty
DUFFEL_BAG,11,Sports_Fitness
DUMBBELL,11,Sports_Fitness
DUPATTA,8,Books_Media
DUST_REMOVAL_TOOL,13,Tools_Hardware
DUTCH_OVENS,0,Kitchen_Home
DUVET_COVER,3,Home_Textiles
DYE,10,Office_Stationery
EARMUFF,4,Consumer_Electronics
EARPLUG,4,Consumer_Electronics
EARRING,10,Office_Stationery
EDIBLE_OIL_ANIMAL,7,Food_Nutrition
EDIBLE_OIL_VEGETABLE,7,Food_Nutrition
EDUCATIONAL_SUPPLIES,10,Office_Stationery
EGG,7,Food_Nutrition
ELASTIC_BAND,3,Home_Textiles
ELECTRICAL_DISTRIBUTION_BOARD,2,Industrial_Auto
ELECTRICAL_HOUSING,2,Industrial_Auto
ELECTRICAL_OUTLET,9,Home_Electrical
ELECTRICAL_PLUG,9,Home_Electrical
ELECTRICITY_GENERATOR,9,Home_Electrical
ELECTRIC_CIRCUIT_TESTING_DEVICE,9,Home_Electrical
ELECTRIC_FAN,9,Home_Electrical
ELECTRIC_FOOD_MILL_GRINDER,0,Kitchen_Home
ELECTRIC_HEATING_PAD,3,Home_Textiles
ELECTRIC_LANTERN,9,Home_Electrical
ELECTRIC_LIGHT,9,Home_Electrical
ELECTRIC_MOTOR,2,Industrial_Auto
ELECTRIC_SHAVER,9,Home_Electrical
ELECTRIC_WATER_BOILER,9,Home_Electrical
ELECTROMECHANICAL_GAUGE,2,Industrial_Auto
ELECTRONIC_ADAPTER,1,Electronics_Accessories
ELECTRONIC_BOOK_READER,8,Books_Media
ELECTRONIC_CABLE,1,Electronics_Accessories
ELECTRONIC_CIGARETTE_LIQUID,7,Food_Nutrition
ELECTRONIC_COMPONENT,9,Home_Electrical
ELECTRONIC_COMPONENT_AMPLIFIER,4,Consumer_Electronics
ELECTRONIC_COMPONENT_FAN,2,Industrial_Auto
ELECTRONIC_COMPONENT_TERMINAL,2,Industrial_Auto
ELECTRONIC_DEVICE_COOLING_PAD,1,Electronics_Accessories
ELECTRONIC_DEVICE_DOCKING_STATION,1,Electronics_Accessories
ELECTRONIC_DEVICE_SKIN,1,Electronics_Accessories
ELECTRONIC_FINDER,1,Electronics_Accessories
ELECTRONIC_LEARNING_TOY,5,Toys_Games
ELECTRONIC_SENSOR,2,Industrial_Auto
ELECTRONIC_SIGNAL_CONVERTER,4,Consumer_Electronics
ELECTRONIC_SWITCH,9,Home_Electrical
ELECTRONIC_WIRE,4,Consumer_Electronics
ELECTROSHOCK_WEAPON,9,Home_Electrical
ELLIPTICAL_TRAINER,11,Sports_Fitness
ENEMA_DOUCHE,6,Health_Beauty
ENGINE_AIR_FILTER,2,Industrial_Auto
ENGINE_COMPONENT_CAP,2,Industrial_Auto
ENGINE_EXHAUST_PIPE,2,Industrial_Auto
ENGINE_WATER_PUMP,2,Industrial_Auto
ENTERTAINMENT_MEMORABILIA,8,Books_Media
ENVELOPE,10,Office_Stationery
EPILATOR,6,Health_Beauty
ERASER,10,Office_Stationery
ESSENTIAL_OIL,6,Health_Beauty
EXERCISE_BAND,11,Sports_Fitness
EXERCISE_BLOCK,11,Sports_Fitness
EXERCISE_MACHINE,11,Sports_Fitness
EXERCISE_MAT,11,Sports_Fitness
EXERCISE_STEP_PLATFORM,11,Sports_Fitness
EXERCISE_STRAP,11,Sports_Fitness
EYEBROW_COLOR,6,Health_Beauty
EYEGLASS_CASE,3,Home_Textiles
EYEGLASS_FRAME,12,Apparel
EYEGLASS_REPAIR_KIT,8,Books_Media
EYELASH_CURLER,6,Health_Beauty
EYELID_COLOR,6,Health_Beauty
EYEWEAR,12,Apparel
FABRIC,10,Office_Stationery
FABRIC_APPLIQUE_PATCH,12,Apparel
FABRIC_SOFTENER,6,Health_Beauty
FACE_SHAPING_MAKEUP,6,Health_Beauty
FACE_SHIELD,6,Health_Beauty
FACIAL_STEAMER,6,Health_Beauty
FACIAL_TISSUE,6,Health_Beauty
FACIAL_TISSUE_HOLDER,14,Home_Decor
FALSE_EYELASH,6,Health_Beauty
FALSE_NAIL,10,Office_Stationery
FASHIONEARRING,8,Books_Media
FASHIONNECKLACEBRACELETANKLET,10,Office_Stationery
FASHIONOTHER,10,Office_Stationery
FASHIONRING,10,Office_Stationery
FASTENER_DRIVE_BIT,13,Tools_Hardware
FAUCET,2,Industrial_Auto
FAUCET_WATER_AERATOR,2,Industrial_Auto
FENCE_PANEL,14,Home_Decor
FERTILIZER,7,Food_Nutrition
FIDGET_TOY,5,Toys_Games
FIDGET_TOY_SPINNER,5,Toys_Games
FIGURINE,5,Toys_Games
FILE_FOLDER,10,Office_Stationery
FINEEARRING,10,Office_Stationery
FINENECKLACEBRACELETANKLET,13,Tools_Hardware
FIREPLACE,9,Home_Electrical
FIRE_PIT,9,Home_Electrical
FIRE_SCREEN,14,Home_Decor
FIRST_AID_KIT,11,Sports_Fitness
FISH,7,Food_Nutrition
FISHING_EQUIPMENT,13,Tools_Hardware
FISHING_HOOK,13,Tools_Hardware
FISHING_LINE,13,Tools_Hardware
FISHING_NET,13,Tools_Hardware
FISHING_REEL,13,Tools_Hardware
FISHING_ROD_HOLDER,8,Books_Media
FISHING_ROD_REEL_COMBO,13,Tools_Hardware
FISHING_WEIGHT,13,Tools_Hardware
FITNESS_BENCH,11,Sports_Fitness
FITNESS_EQUIPMENT,11,Sports_Fitness
FITNESS_HOOP,11,Sports_Fitness
FITNESS_STEPPER,11,Sports_Fitness
FITTED_SHEET,3,Home_Textiles
FLAME_WICK,13,Tools_Hardware
FLASHLIGHT,9,Home_Electrical
FLASH_CARD,5,Toys_Games
FLASH_DRIVE,1,Electronics_Accessories
FLASH_MEMORY,1,Electronics_Accessories
FLASK,8,Books_Media
FLATWARE,0,Kitchen_Home
FLAT_SCREEN_DISPLAY_MOUNT,1,Electronics_Accessories
FLAT_SHEET,3,Home_Textiles
FLAVORED_DRINK_CONCENTRATE,7,Food_Nutrition
FLEXIBLE_MAGNET,13,Tools_Hardware
FLOOR_COVER,14,Home_Decor
FLOUR,7,Food_Nutrition
FOOD,7,Food_Nutrition
FOOD_BIB,3,Home_Textiles
FOOD_BLENDER,0,Kitchen_Home
FOOD_COLORING,7,Food_Nutrition
FOOD_DEHYDRATOR,0,Kitchen_Home
FOOD_GLITTER_SPRINKLE,7,Food_Nutrition
FOOD_GRATER,0,Kitchen_Home
FOOD_MASHER,0,Kitchen_Home
FOOD_MIXER,0,Kitchen_Home
FOOD_OR_BEVERAGE_WARMER,0,Kitchen_Home
FOOD_PREPARATION_MOLD,0,Kitchen_Home
FOOD_PROCESSOR,0,Kitchen_Home
FOOD_SCOOP,0,Kitchen_Home
FOOD_SERVICE_SUPPLY,0,Kitchen_Home
FOOD_SHAKER,0,Kitchen_Home
FOOD_SLICER,0,Kitchen_Home
FOOD_SMOKER,0,Kitchen_Home
FOOD_SPATULA,0,Kitchen_Home
FOOD_STORAGE_BAG,0,Kitchen_Home
FOOD_STORAGE_CONTAINER,0,Kitchen_Home
FOOD_STRAINER,0,Kitchen_Home
FOOD_WRAP,10,Office_Stationery
FOOTREST,11,Sports_Fitness
FOOTWEAR_CARE_KIT,6,Health_Beauty
FOOT_SCRAPER,6,Health_Beauty
FORK,0,Kitchen_Home
FOUNTAIN,9,Home_Electrical
FREESTANDING_SHELTER,3,Home_Textiles
FREEZER,8,Books_Media
FRESH_CUT_FLOWERS_PLANTS,10,Office_Stationery
FRUIT,7,Food_Nutrition
FRUIT_SNACK,7,Food_Nutrition
FUEL_FILTER,2,Industrial_Auto
FUEL_PUMP,2,Industrial_Auto
FUNNEL,0,Kitchen_Home
FURNITURE,14,Home_Decor
FURNITURE_CART,14,Home_Decor
FURNITURE_COVER,3,Home_Textiles
FURNITURE_EDGE_BUMPER,3,Home_Textiles
FURNITURE_FLOOR_PROTECTOR,14,Home_Decor
FURNITURE_LEG,14,Home_Decor
FURNITURE_LINER,14,Home_Decor
FURNITURE_SLIDER,14,Home_Decor
FUSE,9,Home_Electrical
GAMES,5,Toys_Games
GAME_DICE,10,Office_Stationery
GAMING_EQUIPMENT_ENCLOSURE,1,Electronics_Accessories
GARBAGE_DISPOSAL_UNIT,2,Industrial_Auto
GARDEN_SHEAR_SCISSORS,13,Tools_Hardware
GARDEN_TOOL_SET,13,Tools_Hardware
GARLAND,10,Office_Stationery
GARLIC_PRESS,0,Kitchen_Home
GARMENT_PROTECTOR_COVER,3,Home_Textiles
GARMENT_STEAMER,9,Home_Electrical
GASKETS,2,Industrial_Auto
GAS_SMOKE_FIRE_ALARM,9,Home_Electrical
GIFT_CARD,8,Books_Media
GIFT_WRAP,10,Office_Stationery
GLITTER,10,Office_Stationery
GLOBE,5,Toys_Games
GLUCOSE_METER,6,Health_Beauty
GOLF_CLUB,13,Tools_Hardware
GOLF_CLUB_BAG,13,Tools_Hardware
GOLF_CLUB_COVER,2,Industrial_Auto
GOLF_PRACTICE_MAT,13,Tools_Hardware
GPS_OR_NAVIGATION_ACCESSORY,8,Books_Media
GPS_OR_NAVIGATION_SYSTEM,4,Consumer_Electronics
GRAPHIC_TABLET,1,Electronics_Accessories
GRAVITY_BEVERAGE_DISPENSER,0,Kitchen_Home
GREENHOUSE,14,Home_Decor
GREETING_CARD,10,Office_Stationery
GRIDDLE_PLATE,0,Kitchen_Home
GRILL_SMOKER_COVER,9,Home_Electrical
GROCERY,7,Food_Nutrition
GROMMETS,2,Industrial_Auto
GUILD_ACCESSORIES,10,Office_Stationery
GUILD_APPAREL,12,Apparel
GUILD_BEAUTY_GROOMING,6,Health_Beauty
GUILD_HOME,10,Office_Stationery
GUILD_JEWELRY,10,Office_Stationery
GUILD_TOYS_AND_GAMES,8,Books_Media
GUITARS,13,Tools_Hardware
GUITAR_EFFECT_DEVICE,4,Consumer_Electronics
GUN_CLEANING_KIT,6,Health_Beauty
GUN_GRIP,13,Tools_Hardware
GUN_HOLSTER,13,Tools_Hardware
GUN_SLING,13,Tools_Hardware
GUN_SUPPORT,13,Tools_Hardware
HAIRBAND,12,Apparel
HAIR_BRUSH,6,Health_Beauty
HAIR_CARE_AGENT,6,Health_Beauty
HAIR_CARE_PRODUCT,6,Health_Beauty
HAIR_CLEANER_CONDITIONER,6,Health_Beauty
HAIR_CLIP,13,Tools_Hardware
HAIR_COLORING_AGENT,6,Health_Beauty
HAIR_COMB,13,Tools_Hardware
HAIR_DRYER,6,Health_Beauty
HAIR_EXTENSION,12,Apparel
HAIR_IRON,13,Tools_Hardware
HAIR_REMOVAL_AGENT,6,Health_Beauty
HAIR_REMOVAL_AND_SHAVING_PRODUCT,6,Health_Beauty
HAIR_ROLLER,13,Tools_Hardware
HAIR_STYLING_AGENT,6,Health_Beauty
HAIR_TIE,12,Apparel
HAIR_TRIMMER,13,Tools_Hardware
HAIR_TRIMMING_KIT,13,Tools_Hardware
HAMMER_MALLET,13,Tools_Hardware
HAMMOCK,3,Home_Textiles
HAMMOCK_STAND,14,Home_Decor
HANDBAG,3,Home_Textiles
HANDLEBAR,2,Industrial_Auto
HANDLEBAR_GRIP,11,Sports_Fitness
HANDLE_GRIP,8,Books_Media
HANDRAIL,11,Sports_Fitness
HAND_FAN,10,Office_Stationery
HAND_SANITIZER,6,Health_Beauty
HAND_SEWING_NEEDLE,13,Tools_Hardware
HAND_STRENGTHENER,11,Sports_Fitness
HANGING_MOBILE,5,Toys_Games
HANGING_ORNAMENT,10,Office_Stationery
HANGING_ROD,14,Home_Decor
HARDWARE,14,Home_Decor
HARDWARE_BEARING,2,Industrial_Auto
HARDWARE_CLAMP_VISE,13,Tools_Hardware
HARDWARE_HANDLE,13,Tools_Hardware
HARDWARE_HINGE,14,Home_Decor
HARDWARE_NAIL,13,Tools_Hardware
HARDWARE_PIN,13,Tools_Hardware
HARDWARE_PLANER,13,Tools_Hardware
HARDWARE_STAPLE,13,Tools_Hardware
HARDWARE_TUBING,2,Industrial_Auto
HARD_DRIVE_ENCLOSURE,1,Electronics_Accessories
HAT,12,Apparel
HEADBOARD,14,Home_Decor
HEADPHONES,4,Consumer_Electronics
HEADPHONE_EARPAD,4,Consumer_Electronics
HEALTH_PERSONAL_CARE,6,Health_Beauty
HEARING_AMPLIFIER,4,Consumer_Electronics
HEAT_PRESS,10,Office_Stationery
HEAT_SINK,8,Books_Media
HEAT_TRANSFER_MATERIAL,10,Office_Stationery
HELMET,3,Home_Textiles
HERB,7,Food_Nutrition
HERBAL_SUPPLEMENT,7,Food_Nutrition
HIP_FLASK,10,Office_Stationery
HOBBIES,13,Tools_Hardware
HOLE_PUNCH,10,Office_Stationery
HOME,3,Home_Textiles
HOME_BED_AND_BATH,3,Home_Textiles
HOME_FURNITURE_AND_DECOR,14,Home_Decor
HOME_LIGHTING_ACCESSORY,9,Home_Electrical
HOME_LIGHTING_AND_LAMPS,9,Home_Electrical
HOME_MIRROR,14,Home_Decor
HOME_ORGANIZERS_AND_STORAGE,14,Home_Decor
HOME_THEATER_SYSTEM_OR_HTIB,4,Consumer_Electronics
HONEY,7,Food_Nutrition
HOOKAH,8,Books_Media
HOOK_LOOP_FASTENER,13,Tools_Hardware
HOPPING_TOY,5,Toys_Games
HOSE_PIPE_FITTING,2,Industrial_Auto
HOT_GLUE_GUN,13,Tools_Hardware
HOUSEHOLD_STAIN,6,Health_Beauty
HOUSEHOLD_VARNISH,6,Health_Beauty
HUBCAP_WHEEL_COVER,2,Industrial_Auto
HUMIDIFIER,9,Home_Electrical
HUMIDITY_METER,9,Home_Electrical
HVAC_AIR_FILTER,2,Industrial_Auto
HVAC_CONTROL_THERMOSTAT,9,Home_Electrical
HYDRATION_PACK,3,Home_Textiles
ICE_CHEST,3,Home_Textiles
ICE_CREAM_MAKER,0,Kitchen_Home
ICE_CUBE_TRAY,0,Kitchen_Home
ICE_MAKER,0,Kitchen_Home
IGNITION_COIL,2,Industrial_Auto
IMMERSION_HEATER,9,Home_Electrical
IMPACT_PROTECTION_GEAR,11,Sports_Fitness
INCENSE,10,Office_Stationery
INCENSE_HOLDER,10,Office_Stationery
INCONTINENCE_PROTECTOR,3,Home_Textiles
INDOOR_GROW_ENCLOSURE,14,Home_Decor
INDUSTRIAL_CASTERS,14,Home_Decor
INDUSTRIAL_HOSE,2,Industrial_Auto
INDUSTRIAL_WHEELS,2,Industrial_Auto
INFANT_TODDLER_CAR_SEAT,3,Home_Textiles
INKJET_PRINTER_INK,2,Industrial_Auto
INK_OR_TONER,2,Industrial_Auto
INPUT_MOUSE,4,Consumer_Electronics
INPUT_OUTPUT_CARD,1,Electronics_Accessories
INPUT_PEN,1,Electronics_Accessories
INSECT_REPELLENT,6,Health_Beauty
INSTALLATION_SERVICES,8,Books_Media
INSTRUMENT_PARTS_AND_ACCESSORIES,13,Tools_Hardware
INSULATION,14,Home_Decor
INTEGRATED_STEREO_SYSTEM,4,Consumer_Electronics
INTERCONNECT,4,Consumer_Electronics
INTERNAL_MEMORY,1,Electronics_Accessories
IRONING_BOARD,3,Home_Textiles
IRON_ON_TRANSFER_DESIGN,10,Office_Stationery
IRRIGATION_EQUIPMENT,4,Consumer_Electronics
IRRIGATION_SPRINKLER,2,Industrial_Auto
ITEM_CONTAINER,14,Home_Decor
ITEM_STAND,14,Home_Decor
JANITORIAL_SUPPLY,6,Health_Beauty
JAR,0,Kitchen_Home
JERKY,7,Food_Nutrition
JEWELRY,12,Apparel
JEWELRY_FINDING,10,Office_Stationery
JEWELRY_SET,10,Office_Stationery
JEWELRY_STORAGE,10,Office_Stationery
JUICER,0,Kitchen_Home
JUICE_AND_JUICE_DRINK,7,Food_Nutrition
JUMP_ROPE,11,Sports_Fitness
JUMP_STARTER,9,Home_Electrical
KARAOKE_MACHINE,4,Consumer_Electronics
KAYAK,11,Sports_Fitness
KETTLEBELL,11,Sports_Fitness
KEYBOARDS,1,Electronics_Accessories
KEYBOARD_INSTRUMENTS,4,Consumer_Electronics
KEYBOARD_MOUSE_SET,4,Consumer_Electronics
KEYBOARD_TRAY,8,Books_Media
KEYCAP,1,Electronics_Accessories
KEYCHAIN,10,Office_Stationery
KICK_SCOOTER,5,Toys_Games
KITCHEN,0,Kitchen_Home
KITCHEN_KNIFE,0,Kitchen_Home
KITCHEN_TOOLS,0,Kitchen_Home
KITE,5,Toys_Games
KNEE_PAD,11,Sports_Fitness
KNIFE,13,Tools_Hardware
KNIFE_BLOCK,0,Kitchen_Home
KNIFE_BLOCK_SET,0,Kitchen_Home
KNIFE_SHARPENER,13,Tools_Hardware
KNITTING_NEEDLE,13,Tools_Hardware
KURTA,12,Apparel
LABEL,10,Office_Stationery
LAB_CHEMICAL,6,Health_Beauty
LAB_SUPPLY,13,Tools_Hardware
LAB_UTENSIL,13,Tools_Hardware
LADDER,11,Sports_Fitness
LAMINATOR,13,Tools_Hardware
LAMP,9,Home_Electrical
LAMPSHADE,14,Home_Decor
LANDLINE_PHONE,4,Consumer_Electronics
LAP_DESK,14,Home_Decor
LASER_PRINTER_TONER,2,Industrial_Auto
LAUNDRY_APPLIANCE,2,Industrial_Auto
LAUNDRY_DETERGENT,6,Health_Beauty
LAUNDRY_HAMPER,3,Home_Textiles
LAWN_MOWER,2,Industrial_Auto
LEAF_BLOWER,9,Home_Electrical
LEASH,3,Home_Textiles
LEAVENING_AGENT,7,Food_Nutrition
LEGUME,7,Food_Nutrition
LEG_SLEEVE,12,Apparel
LEOTARD,12,Apparel
LETTER_OPENER,8,Books_Media
LEVEL,13,Tools_Hardware
LICENSE_PLATE_ATTACHMENT,10,Office_Stationery
LIGHTED_OUTDOOR_DISPLAY,5,Toys_Games
LIGHT_BOX,5,Toys_Games
LIGHT_BULB,9,Home_Electrical
LIGHT_BULB_SOCKET,9,Home_Electrical
LIGHT_EMITTING_DIODE,8,Books_Media
LIGHT_FIXTURE,9,Home_Electrical
LIGHT_SOURCE,9,Home_Electrical
LINEAR_GUIDES_AND_RAILS,13,Tools_Hardware
LINT_REMOVER,3,Home_Textiles
LIP_BALM,6,Health_Beauty
LIP_COLOR,6,Health_Beauty
LIQUID_FUEL_CONTAINER,7,Food_Nutrition
LIQUID_INK,10,Office_Stationery
LITTER_BOX,3,Home_Textiles
LOCATION_TRACKER,4,Consumer_Electronics
LOCK,3,Home_Textiles
LOOSE_CUT_GEM,10,Office_Stationery
LUGGAGE,3,Home_Textiles
LUXURY_BEAUTY,6,Health_Beauty
MACHINE_LUBRICANT,6,Health_Beauty
MAGAZINES,8,Books_Media
MAGNIFIER,13,Tools_Hardware
MAILBOX,14,Home_Decor
MAJOR_HOME_APPLIANCES,0,Kitchen_Home
MAKEUP_PRIMER,6,Health_Beauty
MAKEUP_VANITY,5,Toys_Games
MAKE_UP,6,Health_Beauty
MANNEQUIN_CLOTHING_FORM,12,Apparel
MANUAL_FOOD_MILL_GRINDER,0,Kitchen_Home
MANUAL_SHAVING_RAZOR,6,Health_Beauty
MAPS,10,Office_Stationery
MARBLE_TRACK,5,Toys_Games
MARKING_PEN,10,Office_Stationery
MASCARA,6,Health_Beauty
MASSAGER,6,Health_Beauty
MASSAGE_STICK,11,Sports_Fitness
MATERIAL_HANDLING,10,Office_Stationery
MATERIAL_HANDLING_TRUCK,13,Tools_Hardware
MATTRESS,3,Home_Textiles
MATTRESS_COVER,3,Home_Textiles
MEAL_HOLDER,3,Home_Textiles
MEAL_REPLACEMENT_BEVERAGE,7,Food_Nutrition
MEASURING_CUP,0,Kitchen_Home
MEAT,7,Food_Nutrition
MEAT_ALTERNATIVE,7,Food_Nutrition
MECHANICAL_BELT,2,Industrial_Auto
MECHANICAL_COMPONENTS,2,Industrial_Auto
MECHANICAL_FASTENERS,13,Tools_Hardware
MECHANICAL_LIGHTER,9,Home_Electrical
MEDIA_STORAGE,8,Books_Media
MEDICAL_COMPRESSION_GARMENT,12,Apparel
MEDICAL_SCRUB_SET,12,Apparel
MEDICAL_TEST_STRIP,6,Health_Beauty
MEDICATION,6,Health_Beauty
MEMORY_CARD_READER,1,Electronics_Accessories
MEMORY_READER,1,Electronics_Accessories
MENSTRUAL_CUP,6,Health_Beauty
MESS_KIT,0,Kitchen_Home
METAL_DETECTOR,9,Home_Electrical
MICROCURRENT_FACIAL_MACHINE,8,Books_Media
MICROPHONE,4,Consumer_Electronics
MICROPHONE_STAND,4,Consumer_Electronics
MICROSCOPES,1,Electronics_Accessories
MICROWAVE_OVEN,0,Kitchen_Home
MILK_FROTHER,0,Kitchen_Home
MILK_SUBSTITUTE,7,Food_Nutrition
MINERAL_SUPPLEMENT,7,Food_Nutrition
MINIATURE_TOY_BUILDING,5,Toys_Games
MINIATURE_TOY_FURNISHING,5,Toys_Games
MISC_OTHER,8,Books_Media
MISC_WORLD_INSTRUMENTS,4,Consumer_Electronics
MODEL,13,Tools_Hardware
MODEM,4,Consumer_Electronics
MOISTURIZING_SOCK_GLOVE,6,Health_Beauty
MONEY_BANK,5,Toys_Games
MONITOR,1,Electronics_Accessories
MOP,6,Health_Beauty
MOP_BUCKET_SET,3,Home_Textiles
MORTAR_AND_PESTLE_SET,0,Kitchen_Home
MOTHERBOARD,1,Electronics_Accessories
MOTION_DETECTOR_DEVICE,4,Consumer_Electronics
MOTORCYCLE_ACCESSORY,2,Industrial_Auto
MOTOR_ENGINE_FUEL_TANK,2,Industrial_Auto
MOTOR_STARTER,2,Industrial_Auto
MOUNTED_STORAGE_SYSTEM_KIT,14,Home_Decor
MOUNT_BRACKET,14,Home_Decor
MOUSE_PAD,1,Electronics_Accessories
MOUTHWASH,6,Health_Beauty
MOUTH_GUARD,11,Sports_Fitness
MP3_PLAYER,4,Consumer_Electronics
MUFFLER,2,Industrial_Auto
MULTIPORT_HUB,1,Electronics_Accessories
MULTITOOL,13,Tools_Hardware
MUSCLE_ROLLER,11,Sports_Fitness
MUSICAL_INSTRUMENTS,13,Tools_Hardware
MUSICAL_INSTRUMENT_AMPLIFIER,4,Consumer_Electronics
MUSICAL_INSTRUMENT_STRING,13,Tools_Hardware
MUSICAL_INSTRUMENT_TOY,5,Toys_Games
MUSIC_POPULAR,8,Books_Media
NAIL_CLIPPER,13,Tools_Hardware
NAIL_DRILL,13,Tools_Hardware
NAIL_DRYER,9,Home_Electrical
NAIL_FILE,10,Office_Stationery
NAIL_POLISH,6,Health_Beauty
NAIL_POLISH_BRUSH,10,Office_Stationery
NAIL_POLISH_REMOVER,6,Health_Beauty
NAIL_POWDER,6,Health_Beauty
NAIL_TREATMENT,6,Health_Beauty
NAPKIN_HOLDER,14,Home_Decor
NAPKIN_RING,8,Books_Media
NASAL_ASPIRATOR,6,Health_Beauty
NAVIGATION_COMPASS,8,Books_Media
NECKLACE,10,Office_Stationery
NECKTIE,12,Apparel
NETTING_COVER,3,Home_Textiles
NETWORKING_DEVICE,1,Electronics_Accessories
NETWORKING_ROUTER,1,Electronics_Accessories
NETWORK_ACCESSORY,4,Consumer_Electronics
NETWORK_INTERFACE_CONTROLLER_ADAPTER,4,Consumer_Electronics
NETWORK_SWITCH,9,Home_Electrical
NICOTINE_REPLACEMENT,6,Health_Beauty
NIGHTGOWN_NIGHTSHIRT,12,Apparel
NOISE_MACHINE,4,Consumer_Electronics
NON_DAIRY_CHEESE,7,Food_Nutrition
NON_DAIRY_CREAM,7,Food_Nutrition
NON_DAIRY_ICE_CREAM,7,Food_Nutrition
NON_DAIRY_YOGURT,7,Food_Nutrition
NON_RIDING_TOY_VEHICLE,5,Toys_Games
NOODLE,7,Food_Nutrition
NOTEBOOK_COMPUTER,1,Electronics_Accessories
NUTRITIONAL_SUPPLEMENT,7,Food_Nutrition
NUTS,13,Tools_Hardware
NUT_AND_SEED,7,Food_Nutrition
NUT_BUTTER,7,Food_Nutrition
OFFICE_ELECTRONICS,4,Consumer_Electronics
OFFICE_PRODUCTS,10,Office_Stationery
OIL_FILTER,2,Industrial_Auto
OLIVE,7,Food_Nutrition
ONBOARD_CAMERA,1,Electronics_Accessories
ONE_PIECE_OUTFIT,12,Apparel
OPTICAL_DISC_DRIVE,1,Electronics_Accessories
ORAL_IRRIGATOR,9,Home_Electrical
ORCA_SHIRT,12,Apparel
ORTHOPEDIC_BRACE,11,Sports_Fitness
OTC_MEDICATION,6,Health_Beauty
OTTOMAN,3,Home_Textiles
OUTBOARD_MOTOR,2,Industrial_Auto
OUTBUILDING,14,Home_Decor
OUTDOOR_LIVING,13,Tools_Hardware
OUTDOOR_RECREATION_PRODUCT,11,Sports_Fitness
OUTERWEAR,12,Apparel
OVERALLS,12,Apparel
O_RINGS,2,Industrial_Auto
PACIFIER,6,Health_Beauty
PACKAGED_SOUP_AND_STEW,7,Food_Nutrition
PACKING_MATERIAL,10,Office_Stationery
PADDLEBOARD,11,Sports_Fitness
PAINT,10,Office_Stationery
PAINT_BRUSH,10,Office_Stationery
PAJAMAS,12,Apparel
PALETTE_PUTTY_KNIFE,13,Tools_Hardware
PANTRY,7,Food_Nutrition
PANTS,12,Apparel
PAPER_CLIP_CLAMP,10,Office_Stationery
PAPER_PRODUCT,10,Office_Stationery
PAPER_SHREDDER,10,Office_Stationery
PAPER_TOWEL,10,Office_Stationery
PAPER_TOWEL_HOLDER,14,Home_Decor
PARTY_DECORATION_PACK,5,Toys_Games
PARTY_FAVOR,5,Toys_Games
PARTY_SUPPLIES,5,Toys_Games
PASTA_MAKER,0,Kitchen_Home
PASTRY,7,Food_Nutrition
PASTRY_BASTING_BRUSH,0,Kitchen_Home
PAW_HOOF_PROTECTOR,3,Home_Textiles
PA_SYSTEM,4,Consumer_Electronics
PENCIL_SHARPENER,13,Tools_Hardware
PEN_MARKER_INK_CARTRIDGE_REFILL,10,Office_Stationery
PERCUSSION_INSTRUMENTS,8,Books_Media
PERSONAL_CARE_APPLIANCE,6,Health_Beauty
PERSONAL_COMPUTER,1,Electronics_Accessories
PERSONAL_FLOTATION_DEVICE,11,Sports_Fitness
PERSONAL_FRAGRANCE,6,Health_Beauty
PERSONAL_PILL_DISPENSER,6,Health_Beauty
PESTICIDE,6,Health_Beauty
PEST_CONTROL_DEVICE,13,Tools_Hardware
PET_ACTIVITY_STRUCTURE,3,Home_Textiles
PET_APPAREL,12,Apparel
PET_BED_MAT,3,Home_Textiles
PET_DOOR,14,Home_Decor
PET_FEEDER,0,Kitchen_Home
PET_FOOD,7,Food_Nutrition
PET_HEALTH_CARE,6,Health_Beauty
PET_PEST_CONTROL,6,Health_Beauty
PET_PLACEMAT,3,Home_Textiles
PET_PLAYPEN,14,Home_Decor
PET_SEAT,3,Home_Textiles
PET_SUPPLIES,6,Health_Beauty
PET_TOY,5,Toys_Games
PHONE,4,Consumer_Electronics
PHONE_ACCESSORY,1,Electronics_Accessories
PHOTOGRAPHIC_FILM,1,Electronics_Accessories
PHOTOGRAPHIC_LIGHTING,14,Home_Decor
PHOTOGRAPHIC_PAPER,8,Books_Media
PHOTOGRAPHIC_STUDIO_ITEMS,14,Home_Decor
PHYSICAL_GIFT_CARD,8,Books_Media
PHYSICAL_MOVIE,8,Books_Media
PHYSICAL_SOFTWARE,1,Electronics_Accessories
PHYSICAL_TV_SERIES,8,Books_Media
PHYSICAL_VIDEO_GAME_SOFTWARE,8,Books_Media
PICKLE,7,Food_Nutrition
PICNIC_HOLDER,3,Home_Textiles
PICTURE_FRAME,14,Home_Decor
PICTURE_HANGER,14,Home_Decor
PIERCING_JEWELRY,13,Tools_Hardware
PILLOW,3,Home_Textiles
PILLOWCASE,3,Home_Textiles
PILLOW_PROTECTOR,3,Home_Textiles
PILL_CUTTER,8,Books_Media
PINATA,5,Toys_Games
PINBOARD,10,Office_Stationery
PIPET,8,Books_Media
PIPING_TIP,10,Office_Stationery
PITCHER,0,Kitchen_Home
PIZZA,7,Food_Nutrition
PLACEMAT,10,Office_Stationery
PLANNER,10,Office_Stationery
PLANTER,0,Kitchen_Home
PLANT_SEED,7,Food_Nutrition
PLASTIC_TUBING,13,Tools_Hardware
PLAYARD,5,Toys_Games
PLAYHOUSE,5,Toys_Games
PLAY_SLIDE,5,Toys_Games
PLAY_WORKSTATION,5,Toys_Games
PLECTRUM,13,Tools_Hardware
PLIERS,13,Tools_Hardware
PLUG_STOPPER,2,Industrial_Auto
PLUMBING_FIXTURE,9,Home_Electrical
POLISHING_BUFFING_TOOL,13,Tools_Hardware
POOL_COVER,3,Home_Textiles
POOL_SPA_WATER_TREATMENT,6,Health_Beauty
POOL_VACUUM,9,Home_Electrical
POPCORN,7,Food_Nutrition
POPCORN_POPPER,0,Kitchen_Home
PORTABLE_AUDIO,4,Consumer_Electronics
PORTABLE_AV_DEVICE,1,Electronics_Accessories
PORTABLE_ELECTRONICS,8,Books_Media
PORTABLE_ELECTRONIC_DEVICE_ARMBAND,1,Electronics_Accessories
PORTABLE_ELECTRONIC_DEVICE_COVER,1,Electronics_Accessories
PORTABLE_ELECTRONIC_DEVICE_MOUNT,1,Electronics_Accessories
PORTABLE_ELECTRONIC_DEVICE_STAND,1,Electronics_Accessories
PORTABLE_FREESTANDING_SHELTER,3,Home_Textiles
PORTABLE_STOVE,9,Home_Electrical
PORTABLE_TOOL_BOX,14,Home_Decor
PORTABLE_VIDEO_DISC_PLAYER,4,Consumer_Electronics
POTABLE_WATER_FILTER,0,Kitchen_Home
POTPOURRI_SACHET,10,Office_Stationery
POT_HOLDER,0,Kitchen_Home
POULTRY,7,Food_Nutrition
POWERSPORTS_VEHICLE_PART,2,Industrial_Auto
POWER_BANK,1,Electronics_Accessories
POWER_CONVERTER,9,Home_Electrical
POWER_CORD,9,Home_Electrical
POWER_HOISTS,2,Industrial_Auto
POWER_INVERTER,9,Home_Electrical
POWER_STRIP,9,Home_Electrical
POWER_SUPPLIES_OR_PROTECTION,9,Home_Electrical
POWER_SUPPLY,4,Consumer_Electronics
POWER_TOOL_SET,13,Tools_Hardware
PRECISION_MEASURING,13,Tools_Hardware
PRELOADED_ELECTRONIC_GAME,1,Electronics_Accessories
PREPARED_DOUGH,7,Food_Nutrition
PRESSER_FOOT,2,Industrial_Auto
PRESSURE_COOKER,0,Kitchen_Home
PRESSURE_WASHER,2,Industrial_Auto
PRETEND_PLAY_TOY,5,Toys_Games
PRETZEL,7,Food_Nutrition
PRINTED_PRODUCT,8,Books_Media
PRINTER,8,Books_Media
PRINTS_AND_POSTERS,8,Books_Media
PRINT_COPY_PAPER,10,Office_Stationery
PROFESSIONAL_HEALTHCARE,6,Health_Beauty
PROJECTILE_BOW,8,Books_Media
PROJECTION_SCREEN,1,Electronics_Accessories
PROTECTIVE_GLOVE,6,Health_Beauty
PROTEIN_DRINK,7,Food_Nutrition
PROTEIN_SUPPLEMENT_POWDER,7,Food_Nutrition
PUFFED_SNACK,7,Food_Nutrition
PULL_UP_BAR,11,Sports_Fitness
PUMP_DISPENSER,6,Health_Beauty
PUMP_SPRAYER,2,Industrial_Auto
PUNCHING_BAG,11,Sports_Fitness
PUPPET,5,Toys_Games
PUSH_PULL_TOY,5,Toys_Games
PUZZLES,5,Toys_Games
RADIO,4,Consumer_Electronics
RAKE,13,Tools_Hardware
RAMP,3,Home_Textiles
RANGE,0,Kitchen_Home
RANGEFINDER,13,Tools_Hardware
RAW_MATERIALS,14,Home_Decor
RAZOR_BLADE_CARTRIDGE,6,Health_Beauty
RECEIVER_OR_AMPLIFIER,4,Consumer_Electronics
RECIPROCATING_HEDGE_TRIMMER,9,Home_Electrical
RECREATION_BALL,11,Sports_Fitness
REFRIGERATION_APPLIANCE,2,Industrial_Auto
REFRIGERATOR,14,Home_Decor
REINFORCED_ART_SURFACE,10,Office_Stationery
RELAY,2,Industrial_Auto
REMOTE_CONTROL,4,Consumer_Electronics
RESISTOR,2,Industrial_Auto
RESPIRATOR,6,Health_Beauty
REUSABLE_INCONTINENCE_SURFACE_PROTECTOR,3,Home_Textiles
RICE_COOKERS,0,Kitchen_Home
RICE_MIX,7,Food_Nutrition
RICE_WINE,7,Food_Nutrition
RIDE_ON_TOY,5,Toys_Games
RING,10,Office_Stationery
ROASTING_PAN,0,Kitchen_Home
ROBE,12,Apparel
ROBOTIC_VACUUM_CLEANER,9,Home_Electrical
ROLLER_CHAIN,13,Tools_Hardware
ROLLER_SKATE,11,Sports_Fitness
ROLLING_PAPER,10,Office_Stationery
ROLLING_PIN,13,Tools_Hardware
ROOM_DIVIDER,14,Home_Decor
ROTARY_TOOL,13,Tools_Hardware
ROTATING_TRAY,14,Home_Decor
ROUTER_BIT,2,Industrial_Auto
ROWING_MACHINE,11,Sports_Fitness
RUBBER_STAMP,10,Office_Stationery
RUG,3,Home_Textiles
RUG_PAD,3,Home_Textiles
RULER,13,Tools_Hardware
SAFE,14,Home_Decor
SAFETY_GLASSES,6,Health_Beauty
SAFETY_HARNESS,11,Sports_Fitness
SAFETY_MASK,12,Apparel
SAFETY_MASK_REPLACEMENT_FILTER,6,Health_Beauty
SAFETY_MASK_STRAP_EXTENDER,11,Sports_Fitness
SAFETY_SUPPLY,6,Health_Beauty
SALAD_DRESSING,7,Food_Nutrition
SALAD_SPINNER,8,Books_Media
SALWAR_SUIT_SET,12,Apparel
SANDAL,12,Apparel
SANDBOX,3,Home_Textiles
SANDER,13,Tools_Hardware
SANITARY_NAPKIN,3,Home_Textiles
SAREE,12,Apparel
SAUCE,7,Food_Nutrition
SAUTE_FRY_PAN,0,Kitchen_Home
SAW,13,Tools_Hardware
SAW_BLADE,13,Tools_Hardware
SCANNER,1,Electronics_Accessories
SCARF,12,Apparel
SCIENCE_FUNDAMENTALS_KIT,5,Toys_Games
SCISSORS,13,Tools_Hardware
SCREEN_PROTECTOR,1,Electronics_Accessories
SCREWDRIVER,13,Tools_Hardware
SCREWS,13,Tools_Hardware
SCREW_GUN,13,Tools_Hardware
SCULPTING_MATERIAL,10,Office_Stationery
SCULPTURE,10,Office_Stationery
SEAFOOD,7,Food_Nutrition
SEALANT,6,Health_Beauty
SEASONING,7,Food_Nutrition
SEASONING_MILL,0,Kitchen_Home
SECURITY_CAMERA,1,Electronics_Accessories
SECURITY_ELECTRONICS,9,Home_Electrical
SECURITY_SYSTEM,4,Consumer_Electronics
SEEDS_AND_PLANTS,10,Office_Stationery
SELF_BALANCING_ELECTRIC_VEHICLE,4,Consumer_Electronics
SELF_DEFENSE_SPRAY,6,Health_Beauty
SELF_STICK_NOTE,10,Office_Stationery
SELF_TANNER,6,Health_Beauty
SERVEWARE,0,Kitchen_Home
SEWING_BUTTON,13,Tools_Hardware
SEWING_MACHINE,13,Tools_Hardware
SEWING_MACHINE_NEEDLE,13,Tools_Hardware
SEWING_PATTERN,13,Tools_Hardware
SEWING_TOOL_SET,13,Tools_Hardware
SEXUAL_STIMULATION_DEVICE,11,Sports_Fitness
SEXUAL_WELLNESS,11,Sports_Fitness
SHADE_SAIL,14,Home_Decor
SHAMPOO,6,Health_Beauty
SHARPS_DISPOSAL_CONTAINER,0,Kitchen_Home
SHARP_PIN,10,Office_Stationery
SHAVING_AGENT,6,Health_Beauty
SHAVING_BRUSH,8,Books_Media
SHEET_PAN,0,Kitchen_Home
SHEET_PAPER,10,Office_Stationery
SHELF,14,Home_Decor
SHELLFISH,7,Food_Nutrition
SHIN_GUARD,11,Sports_Fitness
SHIPPING_BOX,14,Home_Decor
SHIRT,12,Apparel
SHOCK_ABSORBER,2,Industrial_Auto
SHOELACE,12,Apparel
SHOES,12,Apparel
SHOE_ACCESSORY,12,Apparel
SHOE_BAG,3,Home_Textiles
SHOE_INSERT,12,Apparel
SHOE_POLISH,6,Health_Beauty
SHOE_TREE,12,Apparel
SHORTS,12,Apparel
SHOVEL_SPADE,13,Tools_Hardware
SHOWERHEAD,6,Health_Beauty
SHOWER_CAP,6,Health_Beauty
SHOWER_ENCLOSURE,14,Home_Decor
SIGNAGE,10,Office_Stationery
SIM_CARD,1,Electronics_Accessories
SINGLE_BOARD_COMPUTER,1,Electronics_Accessories
SINK,2,Industrial_Auto
SKATEBOARD,5,Toys_Games
SKEWER,0,Kitchen_Home
SKIN_BLEMISH_REMOVAL_TOOL,6,Health_Beauty
SKIN_CARE_AGENT,6,Health_Beauty
SKIN_CARE_PRODUCT,6,Health_Beauty
SKIN_CLEANING_AGENT,6,Health_Beauty
SKIN_CLEANING_BRUSH,6,Health_Beauty
SKIN_CLEANING_WIPE,6,Health_Beauty
SKIN_EXFOLIANT,6,Health_Beauty
SKIN_FOUNDATION_CONCEALER,6,Health_Beauty
SKIN_MOISTURIZER,6,Health_Beauty
SKIN_PROTECTANT,6,Health_Beauty
SKIN_SERUM,6,Health_Beauty
SKIN_TREATMENT_MASK,6,Health_Beauty
SKIRT,12,Apparel
SLED,5,Toys_Games
SLEEPING_BAG,3,Home_Textiles
SLEEPING_MAT,3,Home_Textiles
SLEEPWEAR,12,Apparel
SLEEP_MASK,6,Health_Beauty
SLIPPER,12,Apparel
SLOW_COOKER,0,Kitchen_Home
SMALL_HOME_APPLIANCES,0,Kitchen_Home
SMOKING_PIPE,8,Books_Media
SNACK_CHIP_AND_CRISP,7,Food_Nutrition
SNACK_FOOD_BAR,7,Food_Nutrition
SNACK_MIX,7,Food_Nutrition
SNAP_FASTENER,13,Tools_Hardware
SNORKELING_SET,12,Apparel
SNOWBOARD_BOOT,8,Books_Media
SNOWSHOE,8,Books_Media
SNOWSUIT,12,Apparel
SNOW_BLOWER,2,Industrial_Auto
SNOW_GLOBE,8,Books_Media
SNOW_PANT,12,Apparel
SOAP_DISH,14,Home_Decor
SOCKS,12,Apparel
SOCKSHOSIERY,12,Apparel
SODA_MAKER,9,Home_Electrical
SOFA,3,Home_Textiles
SOFTWARE,8,Books_Media
SOFTWARE_GAMES,8,Books_Media
SOIL,7,Food_Nutrition
SOIL_TILLER_CULTIVATOR,2,Industrial_Auto
SOLAR_PANEL,9,Home_Electrical
SOLDERING_IRON,13,Tools_Hardware
SOLDERING_STATION,13,Tools_Hardware
SOLID_FIRE_FUEL,13,Tools_Hardware
SONAR_FATHOMETER,4,Consumer_Electronics
SOUND_AND_RECORDING_EQUIPMENT,4,Consumer_Electronics
SOUND_CARD,4,Consumer_Electronics
SOUS_VIDE_MACHINE,0,Kitchen_Home
SPACE_HEATER,9,Home_Electrical
SPARK_PLUG,2,Industrial_Auto
SPEAKERS,4,Consumer_Electronics
SPEAKER_AMPLIFIER_STAND,4,Consumer_Electronics
SPINNING_TOY_TOP,5,Toys_Games
SPIRITS,7,Food_Nutrition
SPLASH_POOL,5,Toys_Games
SPOON,0,Kitchen_Home
SPOON_REST,0,Kitchen_Home
SPORTING_GOODS,11,Sports_Fitness
SPORTS_DRINK,7,Food_Nutrition
SPORTS_MEMORABILIA,8,Books_Media
SPORT_ACTIVITY_GLOVE,12,Apparel
SPORT_BAT,5,Toys_Games
SPORT_BINDING,13,Tools_Hardware
SPORT_BOARD_SKI,11,Sports_Fitness
SPORT_EQUIPMENT_BAG_CASE,11,Sports_Fitness
SPORT_FACE_MASK,8,Books_Media
SPORT_GOAL,5,Toys_Games
SPORT_HELMET,11,Sports_Fitness
SPORT_MITT,11,Sports_Fitness
SPORT_NET,13,Tools_Hardware
SPORT_RACKET,11,Sports_Fitness
SPORT_TABLE_GAME,5,Toys_Games
SPORT_TARGET,13,Tools_Hardware
SPORT_WETSUIT,12,Apparel
SPRAY_BOTTLE,6,Health_Beauty
SQUEEGEE,6,Health_Beauty
SQUEEZE_TOY,5,Toys_Games
STAMPS,10,Office_Stationery
STANDALONE_STREAMING_MEDIA_PLAYER,4,Consumer_Electronics
STAPLER,13,Tools_Hardware
STATIONARY_BICYCLE,11,Sports_Fitness
STEAM_CLEANER,6,Health_Beauty
STEERING_WHEEL,8,Books_Media
STEERING_WHEEL_COVER,12,Apparel
STEP_STOOL,14,Home_Decor
STETHOSCOPE,8,Books_Media
STICKER_DECAL,10,Office_Stationery
STOOL_SEATING,11,Sports_Fitness
STORAGE_BAG,3,Home_Textiles
STORAGE_BINDER,10,Office_Stationery
STORAGE_BOX,3,Home_Textiles
STORAGE_COVER,3,Home_Textiles
STORAGE_DRAWER,14,Home_Decor
STORAGE_HOOK,14,Home_Decor
STORAGE_RACK,14,Home_Decor
STORE_FIXTURES_AND_EQUIPMENT,8,Books_Media
STOVETOP_KETTLE,0,Kitchen_Home
STRENGTH_TRAINING_MACHINE,11,Sports_Fitness
STRINGED_INSTRUMENTS,13,Tools_Hardware
STRING_LIGHT,9,Home_Electrical
STRING_TRIMMER,2,Industrial_Auto
STROLLER,3,Home_Textiles
STROLLER_PROTECTION_SHIELD,3,Home_Textiles
SUGAR,7,Food_Nutrition
SUGAR_CANDY,7,Food_Nutrition
SUGAR_SUBSTITUTE,7,Food_Nutrition
SUIT,12,Apparel
SUITCASE,11,Sports_Fitness
SUNGLASSES,12,Apparel
SUNSCREEN,6,Health_Beauty
SURFACE_CLEANING_WIPE,6,Health_Beauty
SURFACE_PROTECTION_WAX,6,Health_Beauty
SURVEILANCE_SYSTEMS,1,Electronics_Accessories
SURVIVAL_KIT,13,Tools_Hardware
SUSPENDER,12,Apparel
SUSPENSION_LIFT_SUPPORT,2,Industrial_Auto
SWEATBAND,12,Apparel
SWEATER,12,Apparel
SWEATSHIRT,12,Apparel
SWIMMING_POOL,2,Industrial_Auto
SWIMWEAR,12,Apparel
SWIM_CAP,12,Apparel
SWIM_FIN,12,Apparel
SWING,11,Sports_Fitness
SWORD,13,Tools_Hardware
SYRINGE,6,Health_Beauty
SYRUP,7,Food_Nutrition
SYSTEM_CABINET,1,Electronics_Accessories
SYSTEM_POWER_DEVICE,9,Home_Electrical
TABLE,14,Home_Decor
TABLECLOTH,14,Home_Decor
TABLETOP_GAME,5,Toys_Games
TABLET_COMPUTER,1,Electronics_Accessories
TABLE_RUNNER,14,Home_Decor
TAMPON,3,Home_Textiles
TAPE_LABEL_DISPENSER,10,Office_Stationery
TAPE_MEASURE,13,Tools_Hardware
TARGET_TOSSING_GAME,5,Toys_Games
TARP,3,Home_Textiles
TASK_TRAY,10,Office_Stationery
TEA,7,Food_Nutrition
TEACHING_EQUIPMENT,10,Office_Stationery
TEAPOT,0,Kitchen_Home
TEA_INFUSER,0,Kitchen_Home
TECHNICAL_SPORT_SHOE,12,Apparel
TEETHER,6,Health_Beauty
TELESCOPE,1,Electronics_Accessories
TELEVISION,1,Electronics_Accessories
TEMPLATE_STENCIL,10,Office_Stationery
TEMPORARY_GATE,14,Home_Decor
TEMPORARY_HANGER_HOOK,14,Home_Decor
TEMPORARY_TATTOO,10,Office_Stationery
TENT,3,Home_Textiles
TERMINAL_BLOCK,2,Industrial_Auto
TEXTILE_DEODORIZER,6,Health_Beauty
TEXTILE_IRON,9,Home_Electrical
THERAPEUTIC_THERMAL_COMPRESS,6,Health_Beauty
THERMOMETER,0,Kitchen_Home
THERMOPLASTIC_FILAMENT,10,Office_Stationery
THERMOS,0,Kitchen_Home
THICKENING_AGENT,7,Food_Nutrition
THREADED_RODS_AND_STUDS,13,Tools_Hardware
THREADING_TAPS,13,Tools_Hardware
THREAD_CORD,10,Office_Stationery
TIGHTS,12,Apparel
TILE,10,Office_Stationery
TIMER,5,Toys_Games
TIRE_COVER,8,Books_Media
TIRE_VALVE_STEM_CAP,2,Industrial_Auto
TOASTER,0,Kitchen_Home
TOFU,7,Food_Nutrition
TOGGLE_SWITCH,9,Home_Electrical
TOILET,9,Home_Electrical
TOILET_PAPER,10,Office_Stationery
TOILET_PAPER_HOLDER,14,Home_Decor
TOILET_SEAT,3,Home_Textiles
TONG_UTENSIL,0,Kitchen_Home
TONNEAU_COVER,2,Industrial_Auto
TOOLS,13,Tools_Hardware
TOOL_BELT,13,Tools_Hardware
TOOL_CHUCK,13,Tools_Hardware
TOOTHBRUSH,9,Home_Electrical
TOOTHBRUSH_HEAD,6,Health_Beauty
TOOTHBRUSH_HOLDER,14,Home_Decor
TOOTH_CLEANING_AGENT,6,Health_Beauty
TOOTH_WHITENER,6,Health_Beauty
TOPICAL_HAIR_REGROWTH_TREATMENT,6,Health_Beauty
TOTE_BAG,3,Home_Textiles
TOWEL,3,Home_Textiles
TOWEL_HOLDER,14,Home_Decor
TOW_HITCH,2,Industrial_Auto
TOW_HITCH_LOCK,2,Industrial_Auto
TOW_SPORTS_LINE,13,Tools_Hardware
TOYS_AND_GAMES,5,Toys_Games
TOY_BUILDING_BLOCK,5,Toys_Games
TOY_FIGURE,5,Toys_Games
TOY_FIGURE_PLAYSET,5,Toys_Games
TOY_GUN,5,Toys_Games
TOY_MODEL_VEHICLE_TRACK,5,Toys_Games
TOY_SLIME,5,Toys_Games
TOY_STROLLER,5,Toys_Games
TOY_VEHICLE_SET,5,Toys_Games
TRACK_SUIT,12,Apparel
TRACTION_CLEAT,11,Sports_Fitness
TRADING_CARDS_FACTORY_SEALED,8,Books_Media
TRADING_CARDS_MISC_TRADING_CARDS,8,Books_Media
TRAILER_HITCH_COVER,2,Industrial_Auto
TRAMPOLINE,11,Sports_Fitness
TRANSFORMER,9,Home_Electrical
TRANSISTOR,2,Industrial_Auto
TRANSPORT_RACK,3,Home_Textiles
TRASH_CAN,14,Home_Decor
TRASH_COMPACTOR,0,Kitchen_Home
TRAY,14,Home_Decor
TREADMILL,11,Sports_Fitness
TREE_SKIRT,12,Apparel
TREE_TOPPER,5,Toys_Games
TRIVET,0,Kitchen_Home
TUNER,4,Consumer_Electronics
TUNIC,12,Apparel
TURNTABLE,4,Consumer_Electronics
TV_TUNER_CARD,4,Consumer_Electronics
TWEEZER,13,Tools_Hardware
TWO_WAY_RADIO,4,Consumer_Electronics
UMBRELLA,3,Home_Textiles
UNDERGARMENT_SLIP,12,Apparel
UNDERGARMENT_THIGH_SLIMMER,12,Apparel
UNDERPANTS,12,Apparel
UNDERWEAR,12,Apparel
UNINTERRUPTIBLE_POWER_SUPPLY,9,Home_Electrical
UNMANNED_AERIAL_VEHICLE,5,Toys_Games
URN,10,Office_Stationery
UTILITY_CART_WAGON,3,Home_Textiles
UTILITY_HOLSTER_POUCH,13,Tools_Hardware
UTILITY_JACK,13,Tools_Hardware
UTILITY_KNIFE,13,Tools_Hardware
UTILITY_MAGNET,14,Home_Decor
UTILITY_SPONGE,10,Office_Stationery
VACUUM_CLEANER,9,Home_Electrical
VACUUM_CLEANER_BAG,2,Industrial_Auto
VACUUM_FILTER,2,Industrial_Auto
VACUUM_SEALER_MACHINE,0,Kitchen_Home
VALVE,2,Industrial_Auto
VASE,10,Office_Stationery
VDO_DEVICES,4,Consumer_Electronics
VEGETABLE,7,Food_Nutrition
VEHICLE_ACCENT_LIGHT,9,Home_Electrical
VEHICLE_BAG,3,Home_Textiles
VEHICLE_BODY_PANEL,2,Industrial_Auto
VEHICLE_BRAKE_PAD,2,Industrial_Auto
VEHICLE_BUMPER,2,Industrial_Auto
VEHICLE_CARGO_CARRIER,3,Home_Textiles
VEHICLE_CONTROL_ARM,2,Industrial_Auto
VEHICLE_COVER,3,Home_Textiles
VEHICLE_EMBLEM,2,Industrial_Auto
VEHICLE_EXTERIOR_GUARD,2,Industrial_Auto
VEHICLE_GRILLE,2,Industrial_Auto
VEHICLE_HEAT_SHIELD,2,Industrial_Auto
VEHICLE_HORN,2,Industrial_Auto
VEHICLE_INTERIOR_SHADE,3,Home_Textiles
VEHICLE_LIGHTING_CONVERSION_KIT,2,Industrial_Auto
VEHICLE_LIGHT_ASSEMBLY,2,Industrial_Auto
VEHICLE_LIGHT_BULB,2,Industrial_Auto
VEHICLE_MAT,3,Home_Textiles
VEHICLE_MIRROR,2,Industrial_Auto
VEHICLE_MOLDING,2,Industrial_Auto
VEHICLE_RAIL,2,Industrial_Auto
VEHICLE_SAFETY_CAMERA,1,Electronics_Accessories
VEHICLE_SCAN_TOOL,2,Industrial_Auto
VEHICLE_SEAT,2,Industrial_Auto
VEHICLE_SEAT_COVER,3,Home_Textiles
VEHICLE_SPOILER,2,Industrial_Auto
VEHICLE_TIRE,2,Industrial_Auto
VEHICLE_WIND_DEFLECTOR,2,Industrial_Auto
VEHICLE_WRAP,10,Office_Stationery
VENT_HOOD,2,Industrial_Auto
VEST,12,Apparel
VIBRATION_SENSOR,4,Consumer_Electronics
VIDEO_CARD,1,Electronics_Accessories
VIDEO_DISC_PLAYER,4,Consumer_Electronics
VIDEO_DVD,8,Books_Media
VIDEO_GAME_ACCESSORIES,1,Electronics_Accessories
VIDEO_GAME_CONSOLE,8,Books_Media
VIDEO_GAME_CONTROLLER,4,Consumer_Electronics
VIDEO_GAME_HARDWARE,8,Books_Media
VIDEO_GAME_PERIPHERAL_SET,1,Electronics_Accessories
VIDEO_PROJECTOR,1,Electronics_Accessories
VINE,8,Books_Media
VINEGAR,7,Food_Nutrition
VIRTUAL_REALITY_HEADSET,4,Consumer_Electronics
VITAMIN,7,Food_Nutrition
VIVARIUM,5,Toys_Games
VOICE_RECORDER,4,Consumer_Electronics
WAIST_CINCHER,12,Apparel
WAIST_PACK,11,Sports_Fitness
WALKER,11,Sports_Fitness
WALKING_STICK,11,Sports_Fitness
WALLET,12,Apparel
WALLPAPER,10,Office_Stationery
WALL_ART,14,Home_Decor
WALL_PLATE,9,Home_Electrical
WASHER,9,Home_Electrical
WASHERS,2,Industrial_Auto
WASTE_BAG,3,Home_Textiles
WATCH,13,Tools_Hardware
WATCH_BAND,12,Apparel
WATER,7,Food_Nutrition
WATERING_CAN,6,Health_Beauty
WATER_DISPENSER,9,Home_Electrical
WATER_FLOTATION_DEVICE,5,Toys_Games
WATER_HEATER,9,Home_Electrical
WATER_PLAY_SPRINKLER,5,Toys_Games
WATER_PUMP,9,Home_Electrical
WATER_PURIFICATION_UNIT,6,Health_Beauty
WEAPON_CASE,13,Tools_Hardware
WEARABLE_COMPUTER,1,Electronics_Accessories
WEARABLE_WEIGHT,11,Sports_Fitness
WEATHER_STATION,9,Home_Electrical
WEATHER_STRIPPING,14,Home_Decor
WEBCAM,4,Consumer_Electronics
WEED_MOSS_CONTROL_AGENT,6,Health_Beauty
WEIGHTLIFTING_BELT,11,Sports_Fitness
WEIGHT_PLATE,11,Sports_Fitness
WEIGHT_RACK,11,Sports_Fitness
WEIGH_SCALE,1,Electronics_Accessories
WHEEL,2,Industrial_Auto
WHEELCHAIR,11,Sports_Fitness
WHEEL_CUTTER,0,Kitchen_Home
WHISK_UTENSIL,0,Kitchen_Home
WHISTLE,8,Books_Media
WIG,12,Apparel
WILDLIFE_FEEDER,14,Home_Decor
WINDING_REEL,13,Tools_Hardware
WINDOW_FILM,14,Home_Decor
WINDOW_SHADE,14,Home_Decor
WIND_CHIME,10,Office_Stationery
WIND_SPINNER,5,Toys_Games
WINE,7,Food_Nutrition
WIPER_BLADE,2,Industrial_Auto
WIRE,13,Tools_Hardware
WIRELESS_ACCESSORY,1,Electronics_Accessories
WIRELESS_AUDIO_ADAPTER,4,Consumer_Electronics
WIRELESS_SIGNAL_REPEATER,4,Consumer_Electronics
WIRE_STRIPPER,13,Tools_Hardware
WORKBENCH,13,Tools_Hardware
WOUND_DRESSING,6,Health_Beauty
WREATH,10,Office_Stationery
WRENCH,13,Tools_Hardware
WRIST_REST,11,Sports_Fitness
WRITING_BOARD,5,Toys_Games
WRITING_INSTRUMENT,10,Office_Stationery
WRITING_PAPER,10,Office_Stationery
YARN,10,Office_Stationery
YO_YO,5,Toys_Games
ZIPPER_FASTENER,13,Tools_Hardware
